{
    "code":"1",
    "data":[
        {"url":"data/waterfall/1.jpg","width":500,"height":480},
        {"url":"data/waterfall/2.jpg","width":600,"height":600},
        {"url":"data/waterfall/3.jpg","width":1280,"height":960},
        {"url":"data/waterfall/4.jpg","width":500,"height":749},
        {"url":"data/waterfall/5.jpg","width":1340,"height":800},
        {"url":"data/waterfall/6.jpg","width":529,"height":830},
        {"url":"data/waterfall/7.jpg","width":640,"height":817},
        {"url":"data/waterfall/8.jpg","width":425,"height":638},
        {"url":"data/waterfall/9.jpg","width":900,"height":657},
        {"url":"data/waterfall/10.jpg","width":960,"height":640}
    ]
}